one thing i learned  there are all beautiful and yes black are to,racism
Little bit ugly but black is beautiful,racism
Black is Beautiful,racism
You're a black Beauty,racism
Beautiful with your black colour,racism
Real African ,racism
Black fine pass white,racism
Dark 'n' Lovely,racism
 Black is pretty,racism
Real thing. Black girls nice,racism
looks like she's wearing a condom!,harassment
Go Beyonce And Her Friend Sumthin Big Brandon Would Neva An Will Neva Giv A Fuk About Duuuh,harassment
That actually looks a bit uncomfortable,harassment
 My girl love you chica,harassment
Wow absolutely stunning cute butt,harassment
 Dat booty tho,harassment
That ass nice,harassment
Wow awesome,harassment
That dress is fucking awesome,harassment
Hot as alwyz,harassment
My star i love u ,harassment
Hi beyonce,harassment
wish I cn touch them 1day,harassment
 sexy bathin suit love it wow,harassment
Wow beyonce are sexy,harassment
very nice and beautiful,harassment
beyonce it's beautiful,harassment
just move your body,harassment
wow! you are so sexy!,harassment
